{"cameraMode":{"drawMode":0,"name":"Shaded","section":"Shading Mode"},"sceneLighting":true,"audioPlay":false,"sceneViewState":{"showFog":true,"showMaterialUpdate":false,"showSkybox":true,"showFlares":true,"showImageEffects":true,"showParticleSystems":true},"in2DMode":false,"pivot":{"x":71.16182708740235,"y":-133.63589477539063,"z":167.3396453857422},"rotation":{"x":-0.2736530900001526,"y":-0.21640866994857789,"z":0.06332258880138397,"w":-0.9350449442863464},"size":307.0218811035156,"orthographic":false}